<?xml version = '1.0' encoding = 'UTF-8'?>
<Relation class="oracle.dbtools.crest.model.design.logical.Relation" name="Relation_9" directorySegmentName="seg_0" id="35A36A94-BB9B-7A52-B873-1FA30F8314C9">
<createdBy>esteb</createdBy>
<createdTime>2025-08-24 00:55:23 UTC</createdTime>
<ownerDesignName>formativa_2</ownerDesignName>
<engineerTo>
<item key="C3350949-3BAC-F74F-E231-EDB38CAE08C7" value="true"/>
</engineerTo>
<sourcePk>694892FC-0A00-07EC-82EB-D396D29935E2</sourcePk>
<identifying>false</identifying>
<optionalSource>true</optionalSource>
<optionalTarget>false</optionalTarget>
<sourceCardinality>1</sourceCardinality>
<sourceEntity>A103401D-FA9A-E0D1-C8C6-F9C104549706</sourceEntity>
<targetCardinalityString>1</targetCardinalityString>
<targetEntity>8F23788D-79C8-4768-A5F9-81AA6B55D951</targetEntity>
<transferable>true</transferable>
<deleteRule>NO ACTION</deleteRule>
</Relation>
