<?xml version = '1.0' encoding = 'UTF-8'?>
<Relation class="oracle.dbtools.crest.model.design.logical.Relation" name="Relation_3" directorySegmentName="seg_0" id="36D3FDAA-256E-2E69-C4AA-CADAA25C81B8">
<createdBy>esteb</createdBy>
<createdTime>2025-08-24 00:21:29 UTC</createdTime>
<ownerDesignName>formativa_2</ownerDesignName>
<engineerTo>
<item key="C3350949-3BAC-F74F-E231-EDB38CAE08C7" value="true"/>
</engineerTo>
<sourcePk>99CC67B6-5D96-7AEA-3EAB-50AB0BA6A36D</sourcePk>
<identifying>true</identifying>
<optionalSource>false</optionalSource>
<optionalTarget>false</optionalTarget>
<sourceCardinality>1</sourceCardinality>
<sourceEntity>57820ABC-4048-8C1B-3E3B-527579775200</sourceEntity>
<targetCardinalityString>*</targetCardinalityString>
<targetEntity>5CAEC171-2177-2D26-955A-5C0172C68C51</targetEntity>
<transferable>true</transferable>
<deleteRule>NO ACTION</deleteRule>
</Relation>
