<?xml version = '1.0' encoding = 'UTF-8'?>
<Relation class="oracle.dbtools.crest.model.design.logical.Relation" name="Relation_13" directorySegmentName="seg_0" id="4A860E06-BE5D-1DF7-AA80-A8C0BA09BA5D">
<createdBy>esteb</createdBy>
<createdTime>2025-08-25 21:45:38 UTC</createdTime>
<ownerDesignName>formativa_2</ownerDesignName>
<engineerTo>
<item key="C3350949-3BAC-F74F-E231-EDB38CAE08C7" value="true"/>
</engineerTo>
<identifying>false</identifying>
<optionalSource>true</optionalSource>
<optionalTarget>false</optionalTarget>
<sourceCardinality>*</sourceCardinality>
<sourceEntity>8F23788D-79C8-4768-A5F9-81AA6B55D951</sourceEntity>
<targetCardinalityString>*</targetCardinalityString>
<targetEntity>5CAEC171-2177-2D26-955A-5C0172C68C51</targetEntity>
<transferable>true</transferable>
<deleteRule>NO ACTION</deleteRule>
</Relation>
