<?xml version = '1.0' encoding = 'UTF-8'?>
<Relation class="oracle.dbtools.crest.model.design.logical.Relation" name="Relation_15" directorySegmentName="seg_0" id="53C73211-3307-4B49-DB03-35B09AF9FD90">
<createdBy>esteb</createdBy>
<createdTime>2025-08-25 21:48:51 UTC</createdTime>
<ownerDesignName>formativa_2</ownerDesignName>
<engineerTo>
<item key="C3350949-3BAC-F74F-E231-EDB38CAE08C7" value="true"/>
</engineerTo>
<sourcePk>DDF6C35B-65EC-A540-7093-A025C128FC4B</sourcePk>
<identifying>true</identifying>
<optionalSource>true</optionalSource>
<optionalTarget>false</optionalTarget>
<sourceCardinality>1</sourceCardinality>
<sourceEntity>5C1D90CA-A1B6-62F3-4AF4-0C7628943043</sourceEntity>
<targetCardinalityString>*</targetCardinalityString>
<targetEntity>5CAEC171-2177-2D26-955A-5C0172C68C51</targetEntity>
<transferable>true</transferable>
<deleteRule>NO ACTION</deleteRule>
</Relation>
