<?xml version = '1.0' encoding = 'UTF-8'?>
<Relation class="oracle.dbtools.crest.model.design.logical.Relation" name="Relation_5" directorySegmentName="seg_0" id="C48CA81E-3F18-50BA-872D-14468822EDBB">
<createdBy>esteb</createdBy>
<createdTime>2025-08-23 01:53:40 UTC</createdTime>
<ownerDesignName>formativa_2</ownerDesignName>
<engineerTo>
<item key="C3350949-3BAC-F74F-E231-EDB38CAE08C7" value="true"/>
</engineerTo>
<sourcePk>99CC67B6-5D96-7AEA-3EAB-50AB0BA6A36D</sourcePk>
<identifying>false</identifying>
<optionalSource>false</optionalSource>
<optionalTarget>true</optionalTarget>
<sourceCardinality>1</sourceCardinality>
<sourceEntity>57820ABC-4048-8C1B-3E3B-527579775200</sourceEntity>
<targetCardinalityString>*</targetCardinalityString>
<targetEntity>14E2E786-1FD9-22C5-9651-F5614CF40464</targetEntity>
<transferable>true</transferable>
<deleteRule>NO ACTION</deleteRule>
</Relation>
