<?xml version = '1.0' encoding = 'UTF-8'?>
<Relation class="oracle.dbtools.crest.model.design.logical.Relation" name="Relation_10" directorySegmentName="seg_0" id="CC3714B9-7CE0-E1A4-C74F-1407CBC77360">
<createdBy>esteb</createdBy>
<createdTime>2025-08-24 00:55:37 UTC</createdTime>
<ownerDesignName>formativa_2</ownerDesignName>
<engineerTo>
<item key="C3350949-3BAC-F74F-E231-EDB38CAE08C7" value="true"/>
</engineerTo>
<sourcePk>B7C18B33-B7E5-7C84-3EE6-B14423514213</sourcePk>
<identifying>false</identifying>
<optionalSource>true</optionalSource>
<optionalTarget>false</optionalTarget>
<sourceCardinality>1</sourceCardinality>
<sourceEntity>941D4830-60B1-DBCB-ECD6-AAD67F27BC02</sourceEntity>
<targetCardinalityString>1</targetCardinalityString>
<targetEntity>8F23788D-79C8-4768-A5F9-81AA6B55D951</targetEntity>
<transferable>true</transferable>
<deleteRule>NO ACTION</deleteRule>
</Relation>
