<?xml version = '1.0' encoding = 'UTF-8'?>
<Relation class="oracle.dbtools.crest.model.design.logical.Relation" name="Relation_4" directorySegmentName="seg_0" id="D84E0B0E-8A78-2E63-6665-2B2AA1A0D9A1">
<createdBy>esteb</createdBy>
<createdTime>2025-08-24 00:31:38 UTC</createdTime>
<ownerDesignName>formativa_2</ownerDesignName>
<engineerTo>
<item key="C3350949-3BAC-F74F-E231-EDB38CAE08C7" value="true"/>
</engineerTo>
<sourcePk>6BD8B7B8-8B40-8E4B-1732-4320CB40C808</sourcePk>
<identifying>false</identifying>
<optionalSource>false</optionalSource>
<optionalTarget>true</optionalTarget>
<sourceCardinality>1</sourceCardinality>
<sourceEntity>E8B823D7-EC9E-F2FA-C76D-6B70B647CD0E</sourceEntity>
<targetCardinalityString>*</targetCardinalityString>
<targetEntity>5C1D90CA-A1B6-62F3-4AF4-0C7628943043</targetEntity>
<transferable>true</transferable>
<deleteRule>NO ACTION</deleteRule>
</Relation>
