<?xml version = '1.0' encoding = 'UTF-8'?>
<Diagram class="oracle.dbtools.crest.swingui.logical.DPVLogical" name="Logical" id="C15BCE93-945F-8397-2CEC-C3D8F2CA62B5">
<createdBy>Andrea</createdBy>
<modifiedBy>Andrea</modifiedBy>
<createdTime>2025-08-17 21:08:36 UTC</createdTime>
<autoRoute>false</autoRoute>
<boxInbox>true</boxInbox>
<showLegend>false</showLegend>
<showLabels>false</showLabels>
<showRelAttributes>false</showRelAttributes>
<gridEnabled>false</gridEnabled>
<showGrid>false</showGrid>
<diagramColor>-1</diagramColor>
<display>false</display>
<notation>1</notation>
<objectViews>
<OView class="oracle.dbtools.crest.swingui.logical.TVEntity" oid="57820ABC-4048-8C1B-3E3B-527579775200" otype="Entity" vid="0E6D7ECB-5ED2-2705-60E6-818F8DB255BA">
<hideElementsInCurrentOnly>false</hideElementsInCurrentOnly>
<bounds x="92" y="283" width="266" height="164"/>
</OView>
<OView class="oracle.dbtools.crest.swingui.logical.TVEntity" oid="5C1D90CA-A1B6-62F3-4AF4-0C7628943043" otype="Entity" vid="19A3CF0E-1A71-815E-BBC8-8259CF41104B">
<hideElementsInCurrentOnly>false</hideElementsInCurrentOnly>
<bounds x="746" y="286" width="224" height="162"/>
</OView>
<OView class="oracle.dbtools.crest.swingui.logical.TVEntity" oid="5CAEC171-2177-2D26-955A-5C0172C68C51" otype="Entity" vid="AF0EAC8F-2A07-C2F3-1A90-354F0DFE9710">
<hideElementsInCurrentOnly>false</hideElementsInCurrentOnly>
<bounds x="441" y="286" width="222" height="136"/>
</OView>
<OView class="oracle.dbtools.crest.swingui.logical.TVEntity" oid="8F23788D-79C8-4768-A5F9-81AA6B55D951" otype="Entity" vid="653664C8-86DB-EC39-1772-AC0CDFE22288">
<hideElementsInCurrentOnly>false</hideElementsInCurrentOnly>
<bounds x="438" y="36" width="279" height="180"/>
</OView>
</objectViews>
<connectors>
<Connector class="oracle.dbtools.crest.swingui.logical.TVRelation" oid="271CC014-133B-E473-168B-FDA118101A89" otype="Relation" vid_source="19A3CF0E-1A71-815E-BBC8-8259CF41104B" vid_target="AF0EAC8F-2A07-C2F3-1A90-354F0DFE9710">
<hideElementsInCurrentOnly>false</hideElementsInCurrentOnly>
<backgroundColor>-16777216</backgroundColor>
<lineWidth>1</lineWidth>
<points>
<point x="746" y="354"/>
<point x="663" y="354"/>
</points>
</Connector>
<Connector class="oracle.dbtools.crest.swingui.logical.TVRelation" oid="4A29F7FB-B3A3-4E06-5B63-7E6680999560" otype="Relation" vid_source="0E6D7ECB-5ED2-2705-60E6-818F8DB255BA" vid_target="AF0EAC8F-2A07-C2F3-1A90-354F0DFE9710">
<hideElementsInCurrentOnly>false</hideElementsInCurrentOnly>
<backgroundColor>-16777216</backgroundColor>
<lineWidth>1</lineWidth>
<points>
<point x="358" y="354"/>
<point x="441" y="354"/>
</points>
</Connector>
<Connector class="oracle.dbtools.crest.swingui.logical.TVRelation" oid="DB12AD9B-6D46-57FE-9AC8-FB3E12D5A4B9" otype="Relation" vid_source="653664C8-86DB-EC39-1772-AC0CDFE22288" vid_target="AF0EAC8F-2A07-C2F3-1A90-354F0DFE9710">
<hideElementsInCurrentOnly>false</hideElementsInCurrentOnly>
<backgroundColor>-16777216</backgroundColor>
<lineWidth>1</lineWidth>
<points>
<point x="552" y="216"/>
<point x="552" y="286"/>
</points>
</Connector>
</connectors>
</Diagram>