<?xml version = '1.0' encoding = 'UTF-8'?>
<Entity class="oracle.dbtools.crest.model.design.logical.Entity" directorySegmentName="seg_0" id="5CAEC171-2177-2D26-955A-5C0172C68C51" name="RESERVA">
<createdBy>Andrea</createdBy>
<createdTime>2025-08-17 21:13:12 UTC</createdTime>
<ownerDesignName>formativa_2</ownerDesignName>
<engineerTo>
<item key="C3350949-3BAC-F74F-E231-EDB38CAE08C7" value="true"/>
</engineerTo>
<adequatelyNormalized>NO</adequatelyNormalized>
<expectedVolumes>0</expectedVolumes>
<fwdEngineeringStrategyName>Single Table</fwdEngineeringStrategyName>
<growthPercent>0</growthPercent>
<growthType>Year</growthType>
<maxVolumes>9999999</maxVolumes>
<minVolumes>0</minVolumes>
<normalForm>Third</normalForm>
<attributes itemClass="oracle.dbtools.crest.model.design.logical.Attribute">
<Attribute name="id_reserva" id="56E021E0-7354-ED32-6703-2ECD8025CEA2">
<createdBy>Andrea</createdBy>
<createdTime>2025-08-17 21:13:27 UTC</createdTime>
<ownerDesignName>formativa_2</ownerDesignName>
<engineerTo>
<item key="C3350949-3BAC-F74F-E231-EDB38CAE08C7" value="true"/>
</engineerTo>
<useDomainConstraints>false</useDomainConstraints>
<use>1</use>
<logicalDatatype>LOGDT019</logicalDatatype>
<ownDataTypeParameters>,,</ownDataTypeParameters>
</Attribute>
<Attribute name="fecha_reserva" id="36ABB6B5-9E59-7399-980F-0EC9769668F1">
<createdBy>Andrea</createdBy>
<createdTime>2025-08-17 21:14:34 UTC</createdTime>
<ownerDesignName>formativa_2</ownerDesignName>
<engineerTo>
<item key="C3350949-3BAC-F74F-E231-EDB38CAE08C7" value="true"/>
</engineerTo>
<useDomainConstraints>false</useDomainConstraints>
<use>1</use>
<logicalDatatype>LOGDT007</logicalDatatype>
<ownDataTypeParameters>,,</ownDataTypeParameters>
</Attribute>
<Attribute name="fecha_viaje" id="382C4C8B-3C8F-E515-4E26-1E6B2C7C5FF5">
<createdBy>Andrea</createdBy>
<createdTime>2025-08-17 21:14:47 UTC</createdTime>
<ownerDesignName>formativa_2</ownerDesignName>
<engineerTo>
<item key="C3350949-3BAC-F74F-E231-EDB38CAE08C7" value="true"/>
</engineerTo>
<useDomainConstraints>false</useDomainConstraints>
<use>1</use>
<logicalDatatype>LOGDT007</logicalDatatype>
<ownDataTypeParameters>,,</ownDataTypeParameters>
</Attribute>
<Attribute name="estado_reserva" id="430E818F-2C15-C7CA-E517-23C15D139CC8">
<createdBy>Andrea</createdBy>
<createdTime>2025-08-17 21:14:59 UTC</createdTime>
<ownerDesignName>formativa_2</ownerDesignName>
<engineerTo>
<item key="C3350949-3BAC-F74F-E231-EDB38CAE08C7" value="true"/>
</engineerTo>
<useDomainConstraints>false</useDomainConstraints>
<use>1</use>
<logicalDatatype>LOGDT024</logicalDatatype>
<dataTypeSize>15</dataTypeSize>
<ownDataTypeParameters>15,,</ownDataTypeParameters>
</Attribute>
<Attribute name="num_identificacion" id="0CE3CF39-2E3D-439F-0973-E9D58E492F11">
<createdBy>esteb</createdBy>
<createdTime>2025-08-24 00:21:29 UTC</createdTime>
<generatorID>36D3FDAA-256E-2E69-C4AA-CADAA25C81B8</generatorID>
<ownerDesignName>formativa_2</ownerDesignName>
<engineerTo>
<item key="C3350949-3BAC-F74F-E231-EDB38CAE08C7" value="true"/>
</engineerTo>
<referedAttribute>AABBE7C3-FEC2-52F7-80AB-B178D887A8B3</referedAttribute>
<useDomainConstraints>false</useDomainConstraints>
<use>1</use>
<logicalDatatype>LOGDT024</logicalDatatype>
<dataTypeSize>10</dataTypeSize>
<ownDataTypeParameters>10,,</ownDataTypeParameters>
</Attribute>
<Attribute name="num_vuelo" id="EC3E18FA-0CCC-A096-FFC4-84942281962A">
<createdBy>esteb</createdBy>
<createdTime>2025-08-25 21:48:51 UTC</createdTime>
<generatorID>53C73211-3307-4B49-DB03-35B09AF9FD90</generatorID>
<ownerDesignName>formativa_2</ownerDesignName>
<engineerTo>
<item key="C3350949-3BAC-F74F-E231-EDB38CAE08C7" value="true"/>
</engineerTo>
<referedAttribute>5EFF689F-FC44-0003-AA38-F3C81206E801</referedAttribute>
<useDomainConstraints>false</useDomainConstraints>
<use>1</use>
<logicalDatatype>LOGDT019</logicalDatatype>
<ownDataTypeParameters>,,</ownDataTypeParameters>
</Attribute>
</attributes>
<identifiers itemClass="oracle.dbtools.crest.model.design.logical.CandidateKey">
<identifier id="41F80424-3003-8874-4BA7-7D33BBA8C4FC" name="RESERVA PK">
<createdBy>Andrea</createdBy>
<createdTime>2025-08-17 21:14:31 UTC</createdTime>
<ownerDesignName>formativa_2</ownerDesignName>
<engineerTo>
<item key="C3350949-3BAC-F74F-E231-EDB38CAE08C7" value="true"/>
</engineerTo>
<pk>true</pk>
<usedAttributes>
<attributeRef>56E021E0-7354-ED32-6703-2ECD8025CEA2</attributeRef>
<attributeRef>0CE3CF39-2E3D-439F-0973-E9D58E492F11</attributeRef>
<attributeRef>EC3E18FA-0CCC-A096-FFC4-84942281962A</attributeRef>
</usedAttributes>
</identifier>
</identifiers>
</Entity>
