<?xml version = '1.0' encoding = 'UTF-8'?>
<Entity class="oracle.dbtools.crest.model.design.logical.Entity" directorySegmentName="seg_0" id="A103401D-FA9A-E0D1-C8C6-F9C104549706" name="PILOTO">
<createdBy>esteb</createdBy>
<createdTime>2025-08-24 00:38:48 UTC</createdTime>
<ownerDesignName>formativa_2</ownerDesignName>
<engineerTo>
<item key="C3350949-3BAC-F74F-E231-EDB38CAE08C7" value="true"/>
</engineerTo>
<adequatelyNormalized>NO</adequatelyNormalized>
<expectedVolumes>0</expectedVolumes>
<fwdEngineeringStrategyName>Single Table</fwdEngineeringStrategyName>
<growthPercent>0</growthPercent>
<growthType>Year</growthType>
<maxVolumes>9999999</maxVolumes>
<minVolumes>0</minVolumes>
<normalForm>Third</normalForm>
<attributes itemClass="oracle.dbtools.crest.model.design.logical.Attribute">
<Attribute name="rut " id="EC3F2BBE-858C-5BE8-6D50-C5F1185B8BA9">
<createdBy>esteb</createdBy>
<createdTime>2025-08-24 00:39:33 UTC</createdTime>
<ownerDesignName>formativa_2</ownerDesignName>
<engineerTo>
<item key="C3350949-3BAC-F74F-E231-EDB38CAE08C7" value="true"/>
</engineerTo>
<useDomainConstraints>false</useDomainConstraints>
<use>1</use>
<logicalDatatype>LOGDT024</logicalDatatype>
<dataTypeSize>10</dataTypeSize>
<ownDataTypeParameters>10,,</ownDataTypeParameters>
</Attribute>
<Attribute name="horas_vuelo" id="5F7D3669-F244-136B-79BD-8F781660B29D">
<createdBy>esteb</createdBy>
<createdTime>2025-08-24 00:39:43 UTC</createdTime>
<ownerDesignName>formativa_2</ownerDesignName>
<engineerTo>
<item key="C3350949-3BAC-F74F-E231-EDB38CAE08C7" value="true"/>
</engineerTo>
<useDomainConstraints>false</useDomainConstraints>
<use>1</use>
<logicalDatatype>LOGDT019</logicalDatatype>
<ownDataTypeParameters>,,</ownDataTypeParameters>
</Attribute>
<Attribute name="afp" id="8EF3F6EB-9CC6-F900-54C0-BF1D7B13F686">
<createdBy>esteb</createdBy>
<createdTime>2025-08-24 00:39:53 UTC</createdTime>
<ownerDesignName>formativa_2</ownerDesignName>
<engineerTo>
<item key="C3350949-3BAC-F74F-E231-EDB38CAE08C7" value="true"/>
</engineerTo>
<useDomainConstraints>false</useDomainConstraints>
<use>1</use>
<logicalDatatype>LOGDT024</logicalDatatype>
<dataTypeSize>20</dataTypeSize>
<ownDataTypeParameters>20,,</ownDataTypeParameters>
</Attribute>
</attributes>
<identifiers itemClass="oracle.dbtools.crest.model.design.logical.CandidateKey">
<identifier id="694892FC-0A00-07EC-82EB-D396D29935E2" name="PILOTO PK">
<createdBy>esteb</createdBy>
<createdTime>2025-08-24 00:40:24 UTC</createdTime>
<ownerDesignName>formativa_2</ownerDesignName>
<engineerTo>
<item key="C3350949-3BAC-F74F-E231-EDB38CAE08C7" value="true"/>
</engineerTo>
<pk>true</pk>
<usedAttributes>
<attributeRef>EC3F2BBE-858C-5BE8-6D50-C5F1185B8BA9</attributeRef>
</usedAttributes>
</identifier>
</identifiers>
</Entity>
