<?xml version = '1.0' encoding = 'UTF-8'?>
<Entity class="oracle.dbtools.crest.model.design.logical.Entity" directorySegmentName="seg_0" id="E8B823D7-EC9E-F2FA-C76D-6B70B647CD0E" name="AVION">
<createdBy>esteb</createdBy>
<createdTime>2025-08-24 00:28:40 UTC</createdTime>
<ownerDesignName>formativa_2</ownerDesignName>
<engineerTo>
<item key="C3350949-3BAC-F74F-E231-EDB38CAE08C7" value="true"/>
</engineerTo>
<adequatelyNormalized>NO</adequatelyNormalized>
<expectedVolumes>0</expectedVolumes>
<fwdEngineeringStrategyName>Single Table</fwdEngineeringStrategyName>
<growthPercent>0</growthPercent>
<growthType>Year</growthType>
<maxVolumes>9999999</maxVolumes>
<minVolumes>0</minVolumes>
<normalForm>Third</normalForm>
<attributes itemClass="oracle.dbtools.crest.model.design.logical.Attribute">
<Attribute name="numero_unico" id="F74A3728-C7AA-C910-7EC4-FDBE60F2169A">
<createdBy>esteb</createdBy>
<createdTime>2025-08-24 00:28:53 UTC</createdTime>
<ownerDesignName>formativa_2</ownerDesignName>
<engineerTo>
<item key="C3350949-3BAC-F74F-E231-EDB38CAE08C7" value="true"/>
</engineerTo>
<useDomainConstraints>false</useDomainConstraints>
<use>1</use>
<logicalDatatype>LOGDT019</logicalDatatype>
<ownDataTypeParameters>,,</ownDataTypeParameters>
</Attribute>
<Attribute name="marca" id="1C2DB13B-498E-E701-FE90-CB2F8F75AC51">
<createdBy>esteb</createdBy>
<createdTime>2025-08-24 00:29:28 UTC</createdTime>
<ownerDesignName>formativa_2</ownerDesignName>
<engineerTo>
<item key="C3350949-3BAC-F74F-E231-EDB38CAE08C7" value="true"/>
</engineerTo>
<useDomainConstraints>false</useDomainConstraints>
<use>1</use>
<logicalDatatype>LOGDT024</logicalDatatype>
<dataTypeSize>20</dataTypeSize>
<ownDataTypeParameters>20,,</ownDataTypeParameters>
</Attribute>
<Attribute name="modelo" id="D3764374-4B73-92C8-1D10-29AAFC71C9E5">
<createdBy>esteb</createdBy>
<createdTime>2025-08-24 00:30:14 UTC</createdTime>
<ownerDesignName>formativa_2</ownerDesignName>
<engineerTo>
<item key="C3350949-3BAC-F74F-E231-EDB38CAE08C7" value="true"/>
</engineerTo>
<useDomainConstraints>false</useDomainConstraints>
<use>1</use>
<logicalDatatype>LOGDT024</logicalDatatype>
<dataTypeSize>20</dataTypeSize>
<ownDataTypeParameters>20,,</ownDataTypeParameters>
</Attribute>
<Attribute name="capacidad" id="E78C3258-CACD-103D-1F17-9DC462D1B66E">
<createdBy>esteb</createdBy>
<createdTime>2025-08-24 00:30:33 UTC</createdTime>
<ownerDesignName>formativa_2</ownerDesignName>
<engineerTo>
<item key="C3350949-3BAC-F74F-E231-EDB38CAE08C7" value="true"/>
</engineerTo>
<useDomainConstraints>false</useDomainConstraints>
<use>1</use>
<logicalDatatype>LOGDT019</logicalDatatype>
<ownDataTypeParameters>,,</ownDataTypeParameters>
</Attribute>
</attributes>
<identifiers itemClass="oracle.dbtools.crest.model.design.logical.CandidateKey">
<identifier id="6BD8B7B8-8B40-8E4B-1732-4320CB40C808" name="AVION PK">
<createdBy>esteb</createdBy>
<createdTime>2025-08-24 00:29:18 UTC</createdTime>
<ownerDesignName>formativa_2</ownerDesignName>
<engineerTo>
<item key="C3350949-3BAC-F74F-E231-EDB38CAE08C7" value="true"/>
</engineerTo>
<pk>true</pk>
<usedAttributes>
<attributeRef>F74A3728-C7AA-C910-7EC4-FDBE60F2169A</attributeRef>
</usedAttributes>
</identifier>
</identifiers>
</Entity>
