<?xml version = '1.0' encoding = 'UTF-8'?>
<Relation class="oracle.dbtools.crest.model.design.logical.Relation" name="Relation_2" directorySegmentName="seg_0" id="271CC014-133B-E473-168B-FDA118101A89">
<createdBy>Andrea</createdBy>
<createdTime>2025-08-17 21:52:23 UTC</createdTime>
<ownerDesignName>tarea1-mbd</ownerDesignName>
<engineerTo>
<item key="C3350949-3BAC-F74F-E231-EDB38CAE08C7" value="true"/>
</engineerTo>
<sourcePk>DDF6C35B-65EC-A540-7093-A025C128FC4B</sourcePk>
<targetPk>41F80424-3003-8874-4BA7-7D33BBA8C4FC</targetPk>
<identifying>false</identifying>
<optionalSource>true</optionalSource>
<optionalTarget>false</optionalTarget>
<sourceCardinality>*</sourceCardinality>
<sourceEntity>5C1D90CA-A1B6-62F3-4AF4-0C7628943043</sourceEntity>
<targetCardinalityString>1</targetCardinalityString>
<targetEntity>5CAEC171-2177-2D26-955A-5C0172C68C51</targetEntity>
<transferable>true</transferable>
<deleteRule>NO ACTION</deleteRule>
</Relation>