<?xml version = '1.0' encoding = 'UTF-8'?>
<Relation class="oracle.dbtools.crest.model.design.logical.Relation" name="Relation_1" directorySegmentName="seg_0" id="4A29F7FB-B3A3-4E06-5B63-7E6680999560">
<createdBy>Andrea</createdBy>
<createdTime>2025-08-17 21:51:22 UTC</createdTime>
<ownerDesignName>tarea1-mbd</ownerDesignName>
<engineerTo>
<item key="C3350949-3BAC-F74F-E231-EDB38CAE08C7" value="true"/>
</engineerTo>
<sourcePk>99CC67B6-5D96-7AEA-3EAB-50AB0BA6A36D</sourcePk>
<targetPk>41F80424-3003-8874-4BA7-7D33BBA8C4FC</targetPk>
<identifying>false</identifying>
<optionalSource>true</optionalSource>
<optionalTarget>false</optionalTarget>
<sourceCardinality>*</sourceCardinality>
<sourceEntity>57820ABC-4048-8C1B-3E3B-527579775200</sourceEntity>
<targetCardinalityString>1</targetCardinalityString>
<targetEntity>5CAEC171-2177-2D26-955A-5C0172C68C51</targetEntity>
<transferable>true</transferable>
<deleteRule>NO ACTION</deleteRule>
</Relation>