<?xml version = '1.0' encoding = 'UTF-8'?>
<Relation class="oracle.dbtools.crest.model.design.logical.Relation" name="Relation_6" directorySegmentName="seg_0" id="DB12AD9B-6D46-57FE-9AC8-FB3E12D5A4B9">
<createdBy>Andrea</createdBy>
<createdTime>2025-08-17 21:53:18 UTC</createdTime>
<ownerDesignName>tarea1-mbd</ownerDesignName>
<engineerTo>
<item key="C3350949-3BAC-F74F-E231-EDB38CAE08C7" value="true"/>
</engineerTo>
<sourcePk>14C72868-EFEC-A80B-C176-65A5997E19A3</sourcePk>
<targetPk>41F80424-3003-8874-4BA7-7D33BBA8C4FC</targetPk>
<identifying>false</identifying>
<optionalSource>true</optionalSource>
<optionalTarget>false</optionalTarget>
<sourceCardinality>*</sourceCardinality>
<sourceEntity>8F23788D-79C8-4768-A5F9-81AA6B55D951</sourceEntity>
<targetCardinalityString>1</targetCardinalityString>
<targetEntity>5CAEC171-2177-2D26-955A-5C0172C68C51</targetEntity>
<transferable>true</transferable>
<deleteRule>NO ACTION</deleteRule>
</Relation>